id,recipient,subject,encrypted_content,is_sent,sent_timestamp
37,alice@example.com,Anonymous Message,b'gAAAAABo1i7eFe_1vbe5QSfvFQv1_YP2DmaeyKbcmvsGrzgFPwZgvf6bWmECsXMQMDiuEJCe70YTIu5-TJgzfgA9wwUJu-Hjqt-ceSfCmic3V21Dhp5tJ24=',True,2025-09-26 15:42:59.415971
38,alice@example.com,Anonymous Message,b'gAAAAABo1mJpNXWQDZ00COxymCrU2shXrmqa5cB_CTfVLYICFqdVzDnbgDgLnGX_5-6z55RaAKGdgfWCrV5u0-scEQjt1FTV1Q==',True,2025-09-26 15:43:00.459721
39,alice@example.com,Anonymous Message,Z0FBQUFBQm8xbTFYQTdENlFYU0F5Z1BiNFA5VTB4WVhjcldJWmxfbmlGdEFGZF9EWnNYc21WMThjdjZNdTJlUF94a0ZLdm42a0xWNm1uNThkVk9fRHNxQnprYU1PY1d1LUE9PQ==,False,2025-09-26T16:09:19.690430
40,alice@example.com,Anonymous Message,Z0FBQUFBQm8xbTdERndsblhfbjJTY0JndGlNVENNcnpoR1hWLWFBRlZ5eE0xeE5fekZTR3VlM1R5ZERBZm0wX09OSlFoRWtKZFpmd3E4eElTNTZYbGoxMVcydS1FWExKZG5rNUE5VnhaMkp3elNOR05Xa1NNQ1E9,False,2025-09-26T16:15:23.937587
41,alice@example.com,Anonymous Message,Z0FBQUFBQm8xbS1WeUY0Qmd2eW9XSmRuWkdpeW9kSVlOQWhrNEhaQUFPYTVMZ0JWNFJBQ1BBalozVVRBODdOcE5rdEY1b2Q1ZzJPLVR6aW9zXy14cE5iZ1c4NlNwektzeGc9PQ==,False,2025-09-26T16:18:54.119803
42,alice@example.com,Anonymous Message,Z0FBQUFBQm8xbloxWnFtUUlSRG9GWGJVU1NUSnhyb2JVTUo5Rk9RMTlnVUY3MDBsYTd6dGdKcDUzeUFoUG03bUZoWVdmUVhJYkRYX251YVJycl9ySzJPeHk2b0FqaTMzcmc9PQ==,False,2025-09-26T16:48:13.358534
43,bob@example.com,Anonymous Message,Z0FBQUFBQm8xbnBXTWVJM3pIV2t1TGpPVVE0cEhGZVFLZXR5WUdqbkp0b0RMV3I4a09lTC1jc1hJam5BcmdFaHlwcGt2b2dVV0pxcVNxR2luaTc1d1IyUFFOUllsTThDdVE9PQ==,False,2025-09-26T17:04:46.450804
44,alice@example.com,Anonymous Message,Z0FBQUFBQm8xbnZBVzVxTUVnMWFfS3pjMmx5dXZyeWN0Y2txLWhucDdxY2R2Y1JlSHM4dWdJZDNpa1RhLTJSbHQ0cDVPQUlyZTd4bkh5UHRsWU5nZTZ0aENoRy05Unk3Znc9PQ==,False,2025-09-26T17:10:48.882407
45,alice@example.com,Anonymous Message,Z0FBQUFBQm8zMk85NFMxY3ExdkJlNTkxZEh0Qk4yNnJBT2xXa2kxVXpSbXVmVlp5NEJ3cFdUWWZlN3NGUjYxRnIwQjlkNExyd3pFczV2WWNUWUZGZHJOQWN6a2ZQaXNUd0E9PQ==,False,2025-10-03T11:18:46.382293
